Accuracy	Precision	Recall	F1	MCC	BM
0.6323529411764706	0.20512820512820512	0.2962962962962963	0.24242424242424246	0.010489498921767626	0.011892626571525788
0.6985294117647058	0.26666666666666666	0.2962962962962963	0.28070175438596495	0.09087325928925709	0.09446143391097506
0.625	0.2391304347826087	0.4074074074074074	0.30136986301369867	0.07276766092710127	0.0863064899762147
0.6397058823529411	0.21052631578947367	0.2962962962962963	0.24615384615384617	0.01872801386852744	0.021066938498131016
0.7352941176470589	0.36363636363636365	0.4444444444444444	0.39999999999999997	0.2342866241478836	0.25178389398572887
0.5955882352941176	0.1111111111111111	0.14814814814814814	0.12698412698412698	-0.13149141156932984	-0.14542983350322802
0.5661764705882353	0.1	0.14814814814814814	0.11940298507462688	-0.15944248206018888	-0.18212708120965004
0.6102941176470589	0.06666666666666667	0.07407407407407407	0.07017543859649124	-0.1758626384806486	-0.18280665987088007
