Accuracy	Precision	Recall	F1	MCC	BM
0.6102941176470589	0.11428571428571428	0.15384615384615385	0.13114754098360656	-0.11510743058748749	-0.127972027972028
0.6985294117647058	0.2	0.19230769230769232	0.19607843137254902	0.010648948934055106	0.010489510489510634
0.6764705882352942	0.17857142857142858	0.19230769230769232	0.1851851851851852	-0.01632177277137096	-0.016783216783216814
0.5955882352941176	0.1282051282051282	0.19230769230769232	0.15384615384615385	-0.10154189863461585	-0.11678321678321679
0.5882352941176471	0.1590909090909091	0.2692307692307692	0.19999999999999998	-0.05642842910311328	-0.06713286713286704
0.6029411764705882	0.13157894736842105	0.19230769230769232	0.15625	-0.09437628193085972	-0.10769230769230775
0.6617647058823529	0.23684210526315788	0.34615384615384615	0.28125	0.07231429394702238	0.08251748251748259
0.6617647058823529	0.2826086956521739	0.5	0.3611111111111111	0.16623131546596714	0.19999999999999996
0.6838235294117647	0.20689655172413793	0.23076923076923078	0.21818181818181817	0.02081219014904133	0.02167832167832162
