Accuracy	Precision	Recall	F1	MCC	BM
0.6764705882352942	0.15151515151515152	0.23809523809523808	0.18518518518518517	-0.004537422313951979	-0.0053830227743272285
0.6176470588235294	0.08108108108108109	0.14285714285714285	0.10344827586206896	-0.12406501696935641	-0.15279503105590053
0.6397058823529411	0.15	0.2857142857142857	0.1967213114754098	-0.007881104062391007	-0.009937888198757738
0.6323529411764706	0.10810810810810811	0.19047619047619047	0.13793103448275862	-0.07833915705653129	-0.09648033126293998
0.6617647058823529	0.14285714285714285	0.23809523809523808	0.17857142857142855	-0.018823891585006566	-0.022774327122153215
0.6544117647058824	0.19047619047619047	0.38095238095238093	0.25396825396825395	0.0667144762397575	0.08530020703933738
0.6323529411764706	0.14634146341463414	0.2857142857142857	0.1935483870967742	-0.014672368140395329	-0.018633540372670843
0.5514705882352942	0.08333333333333333	0.19047619047619047	0.11594202898550725	-0.1452771991185315	-0.19213250517598346
0.6544117647058824	0.09375	0.14285714285714285	0.11320754716981132	-0.09312230140835817	-0.10931677018633534
