Accuracy	Precision	Recall	F1	MCC	BM
0.7462121212121212	0.1111111111111111	0.19298245614035087	0.14102564102564102	0.00488640904660995	0.006145938093641723
0.7746212121212122	0.14772727272727273	0.22807017543859648	0.1793103448275862	0.0573173906582806	0.06883450664878765
0.7708333333333334	0.1	0.14035087719298245	0.11678832116788322	-0.010831968677210516	-0.012515364845234078
0.7973484848484849	0.1323529411764706	0.15789473684210525	0.144	0.030228935404968297	0.03262934406078899
0.7462121212121212	0.09473684210526316	0.15789473684210525	0.11842105263157894	-0.019950780760624776	-0.024695496703542208
0.7727272727272727	0.15384615384615385	0.24561403508771928	0.1891891891891892	0.06748376396754101	0.08213208179684894
0.7821969696969697	0.1375	0.19298245614035087	0.16058394160583941	0.04023302651535334	0.04648564085372664
0.75	0.12871287128712872	0.22807017543859648	0.16455696202531644	0.03253307505155542	0.041233657391887446
0.7481060606060606	0.08695652173913043	0.14035087719298245	0.10738255033557047	-0.031082442009153388	-0.0379930718516035
