Accuracy	Precision	Recall	F1	MCC	BM
0.8451923076923077	0.036458333333333336	0.04861111111111111	0.041666666666666664	-0.04117065291897124	-0.04694674012855826
0.8519230769230769	0.07291666666666667	0.09722222222222222	0.08333333333333333	0.0046304401815957874	0.005280073461891632
0.8605769230769231	0.0755813953488372	0.09027777777777778	0.08227848101265824	0.007511401834243096	0.008149678604224109
0.8586538461538461	0.07386363636363637	0.09027777777777778	0.08125	0.005548838943107472	0.00608356290174461
0.8548076923076923	0.08421052631578947	0.1111111111111111	0.09580838323353293	0.01871027116152028	0.02123507805325997
0.8581730769230769	0.06857142857142857	0.08333333333333333	0.07523510971786834	-0.0007872466202459466	-0.0008608815426996985
0.8572115384615384	0.08196721311475409	0.10416666666666667	0.09174311926605504	0.015583660502153667	0.017389807162534465
0.8504807692307692	0.08040201005025126	0.1111111111111111	0.09329446064139942	0.014314064403109651	0.016586317722681265
0.8495192307692307	0.06666666666666667	0.09027777777777778	0.07669616519174041	-0.003248825863144833	-0.003730486685032175
