Accuracy	Precision	Recall	F1	MCC	BM
0.8600961538461539	0.08482142857142858	0.18095238095238095	0.11550151975683891	0.05449150314166307	0.07715491259795049
0.8620192307692308	0.07476635514018691	0.1523809523809524	0.10031347962382445	0.03756512065271258	0.05212778782399052
0.8629807692307693	0.0673076923076923	0.13333333333333333	0.08945686900958466	0.025619378507035103	0.03510548523206758
0.8504807692307692	0.0635593220338983	0.14285714285714285	0.08797653958944282	0.02137077976316289	0.030958408679927718
0.8557692307692307	0.07048458149779736	0.1523809523809524	0.0963855421686747	0.03197960715632514	0.04554550934297774
0.8701923076923077	0.06806282722513089	0.12380952380952381	0.08783783783783783	0.025536157503606244	0.033682941531042676
0.8620192307692308	0.06666666666666667	0.13333333333333333	0.08888888888888888	0.02477483459341803	0.03409282700421934
0.8557692307692307	0.08860759493670886	0.2	0.12280701754385966	0.06244925905138126	0.09063291139240515
0.8697115384615385	0.085	0.1619047619047619	0.11147540983606559	0.051425949371496284	0.06924653405666059
